period,total_cyclist_injuries,avg_row_cyclist_injuries
Post-2019,37219,0.04451793862770544
Pre-2019,29159,0.020528102852419985
